FIO,Telephone
Комаров Венедикт Антонинович,66(117)809-41-93
Соболев Давид Протасьевич,055(079)417-98-23
Харитонов Эльдар Фролович,99(0072)723-92-78
Гаврилов Панкратий Валентинович,2(631)057-75-60
Блохин Илларион Давидович,997(0863)351-37-82
Самойлов Устин Аристархович,1(757)520-38-74
Макаров Гарри Антонович,734(332)062-29-01
Лаврентьев Панкрат Алексеевич,0(77)414-72-85
Селиверстов Евдоким Агафонович,326(7200)711-03-00
Соловьёв Аверьян Мартынович,11(9973)212-06-23
Назаров Остап Серапионович,806(17)987-92-80
Лихачёв Лаврентий Васильевич,026(1332)456-17-00
Савин Демьян Рудольфович,178(45)232-51-32
Лаврентьев Пантелеймон Богданович,5(1734)994-61-26
Пономарёв Александр Проклович,9(9713)466-61-80
Котов Лаврентий Максович,05(12)625-67-17
Степанов Андрей Валерьянович,899(8781)277-98-59
Зуев Людвиг Дмитриевич,5(567)398-96-07
Фёдоров Фрол Львович,865(434)373-06-15
Лихачёв Назарий Михайлович,41(08)219-01-60
Соболев Кассиан Данилович,295(5919)578-63-02
Фролов Всеволод Лукьевич,5(151)739-85-58
Сафонов Алан Сергеевич,88(7389)440-21-43
Савельев Антон Рудольфович,48(5386)259-71-71
Комиссаров Александр Евсеевич,6(79)622-13-52
Иванов Тимофей Евсеевич,951(2611)239-10-09
Большаков Михаил Вячеславович,0(185)473-51-98
Никифоров Нисон Степанович,839(666)990-80-09
Копылов Богдан Куприянович,2(54)043-88-89
Дроздов Самуил Денисович,676(71)384-37-51
Орлов Прохор Васильевич,518(1429)724-51-33
Зыков Аполлон Алексеевич,199(1630)685-87-19
Исаев Савелий Макарович,90(20)030-54-39
Лебедев Федор Вадимович,5(2518)294-04-38
Архипов Климент Игнатьевич,24(358)197-15-25
Данилов Максимилиан Ильяович,51(765)485-98-02
Лазарев Мирослав Никитевич,641(76)181-99-61
Волков Валентин Пантелеймонович,16(542)079-66-86
Лыткин Аристарх Онисимович,532(6048)291-26-37
Мишин Евдоким Денисович,932(634)209-16-76
Осипов Герман Протасьевич,0(617)305-52-18
Фёдоров Исаак Эльдарович,883(19)627-61-93
Хохлов Марк Лаврентьевич,539(9065)700-91-98
Гаврилов Ростислав Вадимович,7(19)653-41-53
Алексеев Мартын Мэлсович,59(4875)202-20-14
Алексеев Венедикт Георгиевич,047(66)317-72-31
Гордеев Мартин Юлианович,804(81)349-56-07
Ефремов Касьян Аристархович,0(6793)364-04-63
Дмитриев Мечислав Еремеевич,32(854)484-34-13
Беспалов Глеб Денисович,2(990)242-88-32
Владимиров Варлам Мартынович,68(8364)686-01-01
Макаров Максим Станиславович,24(1300)424-35-68
Моисеев Гурий Рудольфович,4(1845)133-25-43
Шестаков Исак Оскарович,6(0711)751-19-68
Архипов Бенедикт Дамирович,934(19)909-22-47
Туров Иван Робертович,63(616)944-06-37
Голубев Фрол Тарасович,07(5794)853-17-88
Терентьев Анатолий Петрович,42(1359)034-66-21
Мамонтов Нинель Иринеевич,993(8717)490-28-47
Авдеев Макар Матвеевич,3(4988)136-85-75
Большаков Эдуард Александрович,68(56)398-30-11
Жданов Аристарх Авксентьевич,82(6785)868-54-42
Некрасов Федор Артемович,998(44)844-14-52
Козлов Нелли Иринеевич,359(27)861-61-61
Исаков Ибрагил Матвеевич,61(438)963-37-78
Козлов Мечеслав Натанович,7(56)847-61-93
Горшков Игнат Натанович,6(725)689-57-68
Лаврентьев Павел Куприянович,3(943)093-84-15
Дементьев Мартин Кимович,18(7269)767-62-52
Селезнёв Ким Яковович,6(7611)111-05-35
Бобров Елисей Богуславович,4(916)152-82-91
Романов Юстиниан Борисович,224(0001)229-38-29
Белов Ермак Вениаминович,739(0405)987-06-03
Константинов Вячеслав Тимофеевич,9(005)388-76-16
Соболев Степан Владимирович,89(790)587-35-89
Маслов Осип Тимофеевич,29(506)909-87-69
Елисеев Велор Тихонович,27(843)287-02-39
Калашников Панкрат Алексеевич,9(15)228-23-70
Туров Самуил Якунович,3(46)842-13-50
Мясников Степан Тихонович,6(35)376-94-91
Филатов Всеволод Миронович,1(025)200-08-42
Давыдов Бенедикт Кириллович,8(0833)986-64-50
Сидоров Иосиф Олегович,73(238)718-71-62
Архипов Ярослав Евсеевич,70(79)024-88-03
Мельников Алан Павлович,17(43)822-54-03
Горбунов Абрам Васильевич,76(4612)639-12-71
Моисеев Исак Арсеньевич,23(477)501-14-14
Назаров Вальтер Еремеевич,9(94)174-70-38
Рогова Ульна Владленовна,10(3337)166-17-76
Тетерина Радмила Михайловна,269(63)714-52-74
Киселёва Аурелия Ефимовна,84(288)995-51-33
Архипова Стелла Матвеевна,254(81)896-25-90
Волкова Сильва Георгиевна,494(1280)866-99-97
Кабанова Илзе Денисовна,4(32)913-64-95
Семёнова Андриана Протасьевна,80(205)855-62-26
Дмитриева Инара Лаврентьевна,1(466)906-14-25
Якушева Борислава Еремеевна,80(84)899-65-43
Егорова Георгина Макаровна,799(3350)518-76-12
Семёнова Анжелика Матвеевна,922(6666)210-68-86
Богданова Рамина Иринеевна,702(03)125-73-87
Кудрявцева Ветта Демьяновна,44(2327)716-54-52
Корнилова Зарина Яковлевна,22(66)076-78-55
Носова Милена Рубеновна,9(7920)939-10-46
Белоусова Бронислава Максовна,628(4565)314-26-95
Николаева Алла Геннадиевна,93(148)872-92-85
Матвеева Лия Семёновна,148(041)820-18-06
Уварова Гертруда Вячеславовна,90(14)236-52-84
Быкова Божена Феликсовна,753(131)095-10-31
Макарова Каролина Валентиновна,917(22)565-08-44
Исакова Ася Филипповна,200(2404)095-03-78
Назарова Доля Арсеньевна,9(229)757-83-23
Игнатьева Мальта Леонидовна,5(145)400-40-65
Доронина Нина Витальевна,44(3095)134-92-82
Брагина Руслана Дмитриевна,97(1147)571-54-69
Колобова Артемида Антониновна,161(67)816-73-50
Козлова Зоряна Юлиановна,477(923)707-34-42
Соловьёва Алика Богуславовна,5(5752)445-17-02
Уварова София Валентиновна,59(196)545-37-07
Журавлёва Ляля Александровна,3(981)109-55-13
Рябова Марта Ивановна,302(443)995-52-25
Федотова Амина Рудольфовна,2(4285)957-51-99
Фадеева Мартина Владимировна,300(4415)019-33-54
Боброва Розалина Серапионовна,48(2462)481-48-97
Логинова Борислава Пётровна,953(699)081-43-50
Панова Симона Семёновна,481(5380)940-82-98
Анисимова Лидия Михаиловна,234(21)026-48-62
Селиверстова Агата Геласьевна,5(007)098-50-67
Ефремова Мелиана Антониновна,542(9410)233-71-99
Мамонтова Ярослава Иосифовна,53(602)002-17-91
Беляева Мариша Даниловна,4(237)446-77-38
Кудрявцева Есения Якововна,313(5978)799-87-90
Шарова Мишель Кирилловна,3(271)263-94-78
Николаева Данута Донатовна,1(57)454-13-30
Фомина Магда Георгиевна,1(2135)171-33-52
Елисеева Альжбета Авдеевна,209(052)971-00-51
Карпова Кира Максовна,6(47)025-83-81
Пестова Янина Федотовна,191(95)479-45-15
Кабанова Фия Степановна,66(3731)337-16-63
Дементьева Гелена Адольфовна,73(9222)922-43-70
Костина Амира Данииловна,4(3214)582-74-81
Тетерина Эмбер Глебовна,5(647)758-97-33
Сидорова Азиза Игнатьевна,43(3714)500-88-46
Крылова Леся Онисимовна,413(61)369-33-36
Молчанова Крис Михайловна,797(79)956-93-43
Логинова Лина Мартыновна,381(0780)404-83-06
Казакова Элизабет Юрьевна,0(273)683-61-80
Калашникова Белла Аристарховна,1(2899)011-05-04
Матвеева Нила Дмитрьевна,757(75)524-88-66
Кудряшова Ульяна Николаевна,787(76)461-66-76
Фомина Александрина Геннадиевна,4(615)719-96-77
Куликова Ксения Федосеевна,4(033)000-56-21
Богданова Роксана Витальевна,98(321)852-04-16
Громова Триана Рубеновна,9(7590)919-06-62
Аксёнова Никки Агафоновна,926(596)713-75-54
Орлова Хана Федоровна,534(25)169-23-64
Белякова Ирма Даниловна,6(8027)458-72-33
Зуева Лаура Лукьевна,080(920)470-60-61
Турова Лаура Адольфовна,2(0317)528-35-16
Макарова Нила Владимировна,2(285)959-66-67
Стрелкова Рамина Наумовна,8(5798)684-97-74
Копылова Нинна Романовна,472(00)691-66-72
Маркова Гера Антоновна,91(58)379-21-99
Орехова Адельфина Дамировна,493(13)198-10-48
Захарова Элизабет Руслановна,718(5378)489-57-84
Пестова Азалия Прокловна,7(3906)942-09-08
Петухова Юланта Андреевна,26(792)564-41-13
Калашникова Рамина Адольфовна,31(60)213-73-36
Данилова Видана Геннадьевна,12(7747)026-47-76
Зимина Вилора Игоревна,3(3563)852-69-52
Муравьёва Эльмира Наумовна,65(43)135-49-92
Матвеева Габриэлла Иринеевна,530(651)596-76-52
Киселёва Ульяна Созоновна,994(4845)901-92-84
Наумова Клара Федосеевна,89(414)006-76-96
Емельянова Ирма Георгьевна,80(389)089-17-29
Блинова Роксана Рубеновна,8(2113)146-72-36
Игнатова Георгина Алексеевна,859(88)781-70-99
Панфилов Альберт Оскарович,177(998)032-75-54
Воронцов Елисей Ильяович,40(791)700-40-03
Максимов Ермак Митрофанович,1(76)757-79-05
Лазарев Тихон Парфеньевич,50(0027)477-48-15
Молчанов Филипп Федосеевич,550(3790)682-63-72
Горшков Яков Борисович,72(904)718-53-43
Иванков Самуил Константинович,947(16)421-69-44
Савин Кассиан Демьянович,8(43)485-29-47
Анисимов Юстиниан Адольфович,81(860)764-29-58
Михайлов Вадим Федотович,021(4625)103-15-14
Ефремов Давид Олегович,38(98)757-95-38
Жданов Лев Гордеевич,31(353)047-18-87
Ершов Исак Вячеславович,313(33)605-40-17
Устинов Ян Богданович,619(45)060-88-86
Гусев Платон Серапионович,89(2105)767-16-89
Морозов Вальтер Мэлсович,40(750)663-44-21
Коновалов Болеслав Протасьевич,0(63)783-44-06
Харитонов Дмитрий Геласьевич,9(536)020-38-77
Носов Соломон Еремеевич,19(106)385-22-06
Герасимов Глеб Матвеевич,77(33)946-24-01
Коновалов Лев Альбертович,7(379)864-24-04
Селезнёв Лаврентий Мэлсович,010(8302)065-21-63
Галкин Иван Аристархович,38(1829)619-66-77
Одинцов Май Антонинович,746(58)656-96-23
